<?xml version="1.0" encoding="UTF-8"?>
<!DOCTYPE mapper PUBLIC "-//mybatis.org//DTD Mapper 3.0//EN" "http://mybatis.org/dtd/mybatis-3-mapper.dtd">
<mapper namespace="com.example.finalapp.mapper.member.MemberMapper">
    <insert id="insertMember">
        <selectKey resultType="long" keyProperty="memberId" order="BEFORE">
            SELECT SEQ_MEMBER.nextval FROM DUAL
        </selectKey>
        INSERT INTO TBL_MEMBER(MEMBER_ID, LOGIN_ID, PASSWORD, GENDER, EMAIL, ADDRESS, ADDRESS_DETAIL, ZIPCODE)
        VALUES (#{memberId}, #{loginId}, #{password}, #{gender}, #{email}, #{address}, #{addressDetail}, #{zipcode})
    </insert>

    <select id="selectMemberId">
        SELECT MEMBER_ID FROM TBL_MEMBER
        WHERE LOGIN_ID = #{loginId} AND PASSWORD = #{password}
    </select>

    <select id="selectLoginIdCount">
        SELECT COUNT(MEMBER_ID) FROM TBL_MEMBER
        WHERE LOGIN_ID = #{loginId}
    </select>
</mapper>









