<?xml version="1.0" encoding="UTF-8"?>
<!DOCTYPE mapper PUBLIC "-//mybatis.org//DTD Mapper 3.0//EN" "http://mybatis.org/dtd/mybatis-3-mapper.dtd">
<mapper namespace="com.example.finalapp.mapper.board.BoardMapper">
    <insert id="insertBoard">
        <selectKey resultType="long" keyProperty="boardId" order="BEFORE">
            SELECT SEQ_BOARD.nextval FROM DUAL
        </selectKey>
        INSERT INTO TBL_BOARD(BOARD_ID, TITLE, CONTENT, MEMBER_ID)
        VALUES (#{boardId}, #{title}, #{content}, #{memberId})
    </insert>

    <delete id="deleteBoard">
        DELETE FROM TBL_BOARD
        WHERE BOARD_ID = #{boardId}
    </delete>

    <update id="updateBoard">
        UPDATE TBL_BOARD
        SET TITLE = #{title}, CONTENT = #{content}, MODIFIED_DATE = SYSDATE
        WHERE BOARD_ID = #{boardId}
    </update>

    <select id="selectBoard">
        SELECT B.BOARD_ID, B.MEMBER_ID, B.TITLE, B.CONTENT,
               TO_CHAR(B.CREATED_DATE, 'YYYY-MM-DD') AS CREATED_DATE,
               TO_CHAR(B.MODIFIED_DATE, 'YYYY-MM-DD') AS MODIFIED_DATE,
               M.LOGIN_ID
        FROM TBL_BOARD B JOIN TBL_MEMBER M
            ON B.MEMBER_ID = M.MEMBER_ID
        WHERE B.BOARD_ID = #{boardId}
    </select>

    <select id="selectList">
        SELECT B.BOARD_ID, B.MEMBER_ID, B.TITLE,
               M.LOGIN_ID
        FROM TBL_BOARD B JOIN TBL_MEMBER M
            ON B.MEMBER_ID = M.MEMBER_ID
        ORDER BY B.BOARD_ID DESC
    </select>

    <select id="selectListWithPage">
        SELECT BOARD_ID, MEMBER_ID, TITLE, LOGIN_ID,
               FILE_ID, NAME, UPLOAD_PATH, UUID
        FROM (
            SELECT ROWNUM AS RNUM, BOARD_ID, MEMBER_ID, TITLE, LOGIN_ID,
                   FILE_ID, NAME, UPLOAD_PATH, UUID
            FROM (
                 SELECT B.BOARD_ID, B.MEMBER_ID, B.TITLE,
                        M.LOGIN_ID,
                        F.FILE_ID, F.NAME, F.UPLOAD_PATH, F.UUID
                 FROM TBL_BOARD B JOIN TBL_MEMBER M
                                       ON B.MEMBER_ID = M.MEMBER_ID
                                  LEFT JOIN (
                     SELECT FILE_ID, NAME, UPLOAD_PATH, UUID, BOARD_ID, RK
                     FROM (
                              SELECT FILE_ID, NAME, UPLOAD_PATH, UUID, BOARD_ID,
                                     RANK() over (PARTITION BY BOARD_ID ORDER BY FILE_ID) RK
                              FROM TBL_FILE
                          )
                     WHERE RK = 1
                 ) F ON B.BOARD_ID = F.BOARD_ID
                 ORDER BY B.BOARD_ID DESC
            )
            <![CDATA[
            WHERE ROWNUM <= #{page} * #{amount}
            ]]>
        )
        WHERE RNUM > (#{page} - 1) * #{amount}
    </select>

    <select id="selectTotal">
        SELECT COUNT(BOARD_ID) FROM TBL_BOARD
    </select>
</mapper>

















